Workbook
Name CustList: Customers!$A$2:$A$13
Name Customer: Customers!$A$2:$C$13
Name Product: Product!$A$2:$B$6
Name ProList: Product!$A$2:$A$6

Sheet Tax Invoice
B2: TAX INVOICE
B3: Stark Enterprises Ltd
B4: 31, Baker Street | I4: Objective: Create a fully automated Invoice where, End user needs to only select Customer Name, Product and Enter Number of Invoice & Qty to generate an Invoice.
B5: Invoice No | C5: 1 | E5: =IFERROR(VLOOKUP(B7,Customers!A:C,3,FALSE),"") -> Bangalore, India
B6: Date | C6: =TODAY() -> 46062 | D6: Address
B7: Legend | I7: Instructions:
B8: S.No | C8: Product | D8: Qty | E8: Rate | F8: Amount
C9: Study Table | D9: 2 | E9: =IFERROR(VLOOKUP(C9,Product!A:B,2,FALSE),"") -> 150 | F9: =IF(D9="","",D9*E9) -> 300 | I9: 1 | J9: Invoice No' should look like SEL001, if Number "1" is entered by the user
B10: =IF(C10="","",ROW()-8) | E10: =IFERROR(VLOOKUP(C10,Product!A:B,2,FALSE),"") | F10: =IF(D10="","",D10*E10) | I10: 2 | J10: Date of Invoice should be automatic
B11: =IF(C11="","",ROW()-8) | E11: =IFERROR(VLOOKUP(C11,Product!A:B,2,FALSE),"") | F11: =IF(D11="","",D11*E11) | I11: 3 | J11: Customer should have pre-defined list, as per selection of Customer, Address should be automatically populated
B12: =IF(C12="","",ROW()-8) | E12: =IFERROR(VLOOKUP(C12,Product!A:B,2,FALSE),"") | F12: =IF(D12="","",D12*E12) | I12: 4 | J12: S.no. should be automated, will display automatically when product is selected
B13: =IF(C13="","",ROW()-8) | E13: =IFERROR(VLOOKUP(C13,Product!A:B,2,FALSE),"") | F13: =IF(D13="","",D13*E13) | I13: 5 | J13: Each cell under Product and Rate should have pre-defined lists to chose from
B14: =IF(C14="","",ROW()-8) | E14: =IFERROR(VLOOKUP(C14,Product!A:B,2,FALSE),"") | F14: =IF(D14="","",D14*E14) | I14: 6 | J14: Add appropriate formulas to complete all the necessary calculations
B15: =IF(C15="","",ROW()-8) | E15: =IFERROR(VLOOKUP(C15,Product!A:B,2,FALSE),"") | F15: =IF(D15="","",D15*E15) | I15: 7 | J15: Disount eligibility: Gross upto 2500- 0%, Gross more than or equal to 2500 -- 2%
B16: =IF(C16="","",ROW()-8) | E16: =IFERROR(VLOOKUP(C16,Product!A:B,2,FALSE),"") | F16: =IF(D16="","",D16*E16)
B17: =IF(C17="","",ROW()-8) | E17: =IFERROR(VLOOKUP(C17,Product!A:B,2,FALSE),"") | F17: =IF(D17="","",D17*E17)
B18: =IF(C18="","",ROW()-8) | E18: =IFERROR(VLOOKUP(C18,Product!A:B,2,FALSE),"") | F18: =IF(D18="","",D18*E18)
B19: =IF(C19="","",ROW()-8) | E19: =IFERROR(VLOOKUP(C19,Product!A:B,2,FALSE),"") | F19: =IF(D19="","",D19*E19)
D20: Gross Amount | F20: =SUM(F9:F18) -> 300
D21: GST (5%) | F21: =F20*5% -> 15
D22: Discount | F22: =IF(F20>=2500,F20*2%,0) -> 0
D23: Net Amount | F23: =F20+F21-F22 -> 315

Sheet Product
A1: Product | B1: Rate'00
A2: Study Table | B2: 150
A3: Chair | B3: 100
A4: Desk Organizer | B4: 200
A5: Files & Folders | B5: 50
A6: Bookcase | B6: 30

Sheet Customers
A1: Customer | B1: Type | C1: Address
A2: Interstellar | B2: Wholesaler | C2: Johannesburg, South Africa
A3: Gravity | B3: Retailer | C3: La Coruna, Spain
A4: Alien | B4: Wholesaler | C4: Bangalore, India
A5: Inception | B5: Retailer | C5: Chennai, India
A6: Avengers | B6: Wholesaler | C6: Tunis, Tunisia
A7: Aquaman | B7: Retailer | C7: Turku, Finland
A8: Thor | B8: Wholesaler | C8: Warsaw, Poland
A9: Legend | B9: Retailer | C9: Bangalore, India
A10: Loki | B10: Wholesaler | C10: Chennai, India
A11: Guardian | B11: Wholesaler | C11: Limerick, Ireland
A12: Wonder | B12: Retailer | C12: Montpellier, France
A13: Moana | B13: Direct | C13: Katmandu, Nepal
